{"stats":{"minecraft:used":{"minecraft:oak_log":2,"minecraft:trident":14,"minecraft:ender_eye":12,"minecraft:netherite_sword":4,"minecraft:dirt":1,"minecraft:firework_rocket":11,"minecraft:flint_and_steel":1,"minecraft:grass_block":6,"minecraft:elytra":1,"minecraft:end_portal_frame":12,"minecraft:obsidian":12},"minecraft:mined":{"minecraft:grass_block":1,"minecraft:oak_leaves":1},"minecraft:custom":{"minecraft:time_since_rest":7632,"minecraft:deaths":1,"minecraft:walk_one_cm":6487,"minecraft:damage_taken":136,"minecraft:play_time":19482,"minecraft:sprint_one_cm":19110,"minecraft:sneak_time":215,"minecraft:aviate_one_cm":311567,"minecraft:jump":118,"minecraft:damage_dealt":20,"minecraft:time_since_death":7600,"minecraft:total_world_time":19482,"minecraft:fall_one_cm":4348,"minecraft:fly_one_cm":155956},"minecraft:picked_up":{"minecraft:dirt":1}},"DataVersion":3953}