{"stats":{"minecraft:used":{"minecraft:elytra":1,"minecraft:dirt":1,"minecraft:firework_rocket":11},"minecraft:mined":{"minecraft:grass_block":1,"minecraft:oak_leaves":1},"minecraft:custom":{"minecraft:jump":90,"minecraft:time_since_rest":7482,"minecraft:sprint_one_cm":12130,"minecraft:play_time":7482,"minecraft:damage_taken":136,"minecraft:time_since_death":7482,"minecraft:walk_one_cm":1808,"minecraft:total_world_time":7482,"minecraft:fall_one_cm":4348,"minecraft:fly_one_cm":22407,"minecraft:aviate_one_cm":311567},"minecraft:picked_up":{"minecraft:dirt":1}},"DataVersion":3953}