{
  "minecraft:recipes/decorations/crafting_table": {
    "criteria": {
      "unlock_right_away": "2024-07-24 15:34:16 +0000"
    },
    "done": true
  },
  "minecraft:end/elytra": {
    "criteria": {
      "elytra": "2024-07-24 15:35:23 +0000"
    },
    "done": true
  },
  "minecraft:adventure/adventuring_time": {
    "criteria": {
      "minecraft:beach": "2024-07-24 15:36:13 +0000",
      "minecraft:dark_forest": "2024-07-24 15:36:02 +0000",
      "minecraft:forest": "2024-07-24 15:35:45 +0000",
      "minecraft:ocean": "2024-07-24 15:36:38 +0000",
      "minecraft:river": "2024-07-24 15:35:44 +0000",
      "minecraft:birch_forest": "2024-07-24 15:35:59 +0000",
      "minecraft:plains": "2024-07-24 15:34:16 +0000"
    },
    "done": false
  },
  "DataVersion": 3953
}